{"cameraMode":{"drawMode":0,"name":"Shaded","section":"Shading Mode"},"sceneLighting":true,"audioPlay":false,"sceneViewState":{"showFog":false,"showMaterialUpdate":false,"showSkybox":false,"showFlares":false,"showImageEffects":false,"showParticleSystems":false},"in2DMode":false,"pivot":{"x":-7.542344093322754,"y":1.8284211158752442,"z":-1.905759334564209},"rotation":{"x":0.03929036483168602,"y":-0.44180023670196535,"z":0.01935257762670517,"w":0.8960798978805542},"size":7.270031452178955,"orthographic":false}